title,url
Tester Automatyczny,https://justjoin.it/job-offer/it-squad-tester-automatyczny-warszawa-testing
QA Specialist,https://justjoin.it/job-offer/fun-crafters-sp-z-o-o--qa-specialist-krakow-testing
Automation ETL Tester,https://justjoin.it/job-offer/experis-manpower-group-automation-etl-tester-warszawa-testing
Middle AQA Engineer,https://justjoin.it/job-offer/n-ix-middle-aqa-engineer-krakow-testing
Automated QA Engineer,https://justjoin.it/job-offer/mindpal-automated-qa-engineer-gliwice-testing
Tester manualny,https://justjoin.it/job-offer/mediporta-sp-z-o-o--tester-manualny-poznan-testing
QA Leader,https://justjoin.it/job-offer/intersys-group-qa-leader-wroclaw-testing
Manual ETL Tester,https://justjoin.it/job-offer/link-group-manual-etl-tester-poznan-testing
Software Tester / SDET (Software Developer Engineer in Test),https://justjoin.it/job-offer/humanit-group-software-tester-sdet-software-developer-engineer-in-test--krakow-testing
InÅ¼ynier QA ds. TestÃ³w Funkcjonalnych i Integracyjnych,https://justjoin.it/job-offer/aplikacje-krytyczne-inzynier-qa-ds-testow-funkcjonalnych-i-integracyjnych-warszawa-testing-507b23ee
QA Engineer with SQL,https://justjoin.it/job-offer/dataedo-qa-engineer-with-sql-warszawa-testing-63159859
Tester AutomatyzujÄ…cy,https://justjoin.it/job-offer/experis-manpower-group-tester-automatyzujacy-krakow-testing
QA Engineer with SQL,https://justjoin.it/job-offer/dataedo-qa-engineer-with-sql-gdansk-testing-f8ebc36d
Automation QA Specialist,https://justjoin.it/job-offer/monogo-sp-z-o-o--automation-quality-assurance-specialist-lublin-testing-ad66c793
Test Automation Engineer (B2B),https://justjoin.it/job-offer/reply-polska-sp-z-o-o--test-automation-engineer-opole-testing
Test Automation Engineer (UoP),https://justjoin.it/job-offer/reply-polska-sp-z-o-o--test-automation-engineer--odz-testing-baadb00c
QA Engineer,https://justjoin.it/job-offer/qodeca-qa-engineer-katowice-testing
Test Engineer,https://justjoin.it/job-offer/infoprojekt-test-engineer-gdansk-testing
Test Automation Engineer with German,https://justjoin.it/job-offer/hn-experts-test-automation-engineer-with-german-warszawa-testing-fc2ff233
Quality Assurance Engineer (QA),https://justjoin.it/job-offer/closer-music-sp-z-o-o--quality-assurance-engineer-qa--krakow-testing
Automation Software Tester (Python + Playwright),https://justjoin.it/job-offer/htd-automation-software-tester-python-playwright--lodz-testing
Quality Assurance Engineer (QA),https://justjoin.it/job-offer/closer-music-sp-z-o-o--quality-assurance-engineer-qa--gdansk-testing
Test Automation Engineer with German,https://justjoin.it/job-offer/cognizant-tech-solutions-test-automation-engineer-with-german-wroclaw-testing
Tester Manualny,https://justjoin.it/job-offer/invo-tester-manualny-krakow-testing-e1994801
QA Automation Engineer,https://justjoin.it/job-offer/amsterdam-standard-qa-automation-engineer-wroclaw-testing
Quality Assurance Engineer (QA),https://justjoin.it/job-offer/closer-music-sp-z-o-o--quality-assurance-engineer-qa--rzeszow-testing
Test Automation Engineer with German,https://justjoin.it/job-offer/cognizant-tech-solutions-test-automation-engineer-with-german-gdansk-testing
Tester Automatyczny,https://justjoin.it/job-offer/punks-com-tester-automatyczny-wroclaw-testing
QA Automation Analyst,https://justjoin.it/job-offer/link-group-qa-automation-analyst-krakow-testing
Test Automation Engineer (B2B),https://justjoin.it/job-offer/reply-polska-sp-z-o-o--test-automation-engineer-lublin-testing
"Automation Tester (C#, Selenium)",https://justjoin.it/job-offer/itds-automation-tester-c-selenium--lodz-testing
Tester Manualny,https://justjoin.it/job-offer/invo-tester-manualny-warszawa-testing-2851b91e
QA Leader,https://justjoin.it/job-offer/intersys-group-qa-leader-rzeszow-testing
QA Leader,https://justjoin.it/job-offer/intersys-group-qa-leader-krakow-testing
QA Engineer,https://justjoin.it/job-offer/qodeca-qa-engineer-gdansk-testing
Learning System UX/Accessibility QA Specialist,https://justjoin.it/job-offer/experis-manpower-group-learning-system-ux-accessibility-qa-specialist-krakow-testing
Test Automation Engineer (UoP),https://justjoin.it/job-offer/reply-polska-sp-z-o-o--test-automation-engineer-ruda-slaska-testing-e59fb0d4
Test Automation Engineer with German,https://justjoin.it/job-offer/cognizant-tech-solutions-test-automation-engineer-with-german-krakow-testing
Middle AQA Engineer,https://justjoin.it/job-offer/n-ix-middle-aqa-engineer-warszawa-testing
Tester Manualny,https://justjoin.it/job-offer/invo-tester-manualny-wroclaw-testing-d0962b7a
QA Engineer with SQL,https://justjoin.it/job-offer/dataedo-qa-engineer-with-sql-krakow-testing-86ba34ce
Software Tester / SDET (Software Developer Engineer in Test),https://justjoin.it/job-offer/humanit-group-software-tester-sdet-software-developer-engineer-in-test--wroclaw-testing
Tester AutomatyzujÄ…cy,https://justjoin.it/job-offer/link-group-tester-automatyzujacy-gdansk-testing
Test Automation Engineer with German,https://justjoin.it/job-offer/cognizant-tech-solutions-test-automation-engineer-with-german-poznan-testing
Test Automation Engineer with German,https://justjoin.it/job-offer/cognizant-tech-solutions-test-automation-engineer-with-german-warszawa-testing
Test Automation Engineer (UoP),https://justjoin.it/job-offer/reply-polska-sp-z-o-o--test-automation-engineer-wroc-aw-testing-c58e43e3
Test Automation Engineer (UoP),https://justjoin.it/job-offer/reply-polska-sp-z-o-o--test-automation-engineer-dabrowa-gornicza-testing-68fc6409
Test Automation Engineer (B2B),https://justjoin.it/job-offer/reply-polska-sp-z-o-o--test-automation-engineer-zabrze-testing
QA Engineer with SQL,https://justjoin.it/job-offer/dataedo-qa-engineer-with-sql-wroclaw-testing-ddd92db7
Tester AutomatyzujÄ…cy,https://justjoin.it/job-offer/experis-manpower-group-tester-automatyzujacy-wroclaw-testing
Manual ETL Tester,https://justjoin.it/job-offer/link-group-manual-etl-tester-wroclaw-testing
Tester automatyczny,https://justjoin.it/job-offer/fabrity-sp-z-o-o--tester-automatyczny-gdansk-testing
Tester automatyczny,https://justjoin.it/job-offer/fabrity-sp-z-o-o--tester-automatyczny-lublin-testing
Middle AQA Engineer,https://justjoin.it/job-offer/n-ix-middle-aqa-engineer-wroclaw-testing
Tester automatyczny,https://justjoin.it/job-offer/fabrity-sp-z-o-o--tester-automatyczny-warszawa-testing
Tester manualny,https://justjoin.it/job-offer/makeitright-tester-manualny-3076e02f-3d07-49c6-aed3-0d4dafb8465e
QA Leader,https://justjoin.it/job-offer/intersys-group-qa-leader-warszawa-testing
QA Engineer,https://justjoin.it/job-offer/qodeca-qa-engineer-warszawa-testing
Tester AutomatyzujÄ…cy,https://justjoin.it/job-offer/experis-manpower-group-tester-automatyzujacy-gdansk-testing
Tester AutomatyzujÄ…cy,https://justjoin.it/job-offer/link-group-tester-automatyzujacy-krakow-testing
QA Engineer,https://justjoin.it/job-offer/qodeca-qa-engineer-szczecin-testing
Tester automatyczny,https://justjoin.it/job-offer/fabrity-sp-z-o-o--tester-automatyczny-lodz-testing
Test Automation Engineer with German,https://justjoin.it/job-offer/hn-experts-test-automation-engineer-with-german-bydgoszcz-testing
Senior Test Engineer (Java/Kotlin),https://justjoin.it/job-offer/experis-manpower-group-senior-test-engineer-java-kotlin--lodz-testing
Quality Assurance Engineer (QA),https://justjoin.it/job-offer/closer-music-sp-z-o-o--quality-assurance-engineer-qa--poznan-testing
Automation Tester,https://justjoin.it/job-offer/link-group-automation-tester-gdansk-testing-6b45698e
Tester automatyczny,https://justjoin.it/job-offer/fabrity-sp-z-o-o--tester-automatyczny-krakow-testing
Test Automation Engineer with German,https://justjoin.it/job-offer/hn-experts-test-automation-engineer-with-german-gdansk-testing
QA Engineer,https://justjoin.it/job-offer/ikonik-media-inc--qa-engineer-warszawa-testing
QA Consultant,https://justjoin.it/job-offer/qualityminds-qa-consultant-krakow-testing-b170e9ba
ðŸ’Ž Senior ETL Tester ðŸ’Ž,https://justjoin.it/job-offer/team-up--senior-etl-tester--szczecin-testing
Senior QA Engineer,https://justjoin.it/job-offer/xtm-international-senior-qa-engineer-poznan-testing
Senior QA Engineer,https://justjoin.it/job-offer/harvey-nash-technology-senior-qa-engineer-wroclaw-testing
QA lead,https://justjoin.it/job-offer/vodeno-qa-lead-warszawa-testing
Senior Data Analytics QA with Automation in Python,https://justjoin.it/job-offer/dcg-senior-data-analytics-qa-with-automation-in-python-warszawa-testing
Test Manager for future needs,https://justjoin.it/job-offer/sopra-steria-test-manager-for-future-needs-katowice-testing
Test Architect (UoP),https://justjoin.it/job-offer/reply-polska-sp-z-o-o--test-architect-ruda-slaska-testing-05f632af
QA Senior Specialist,https://justjoin.it/job-offer/apzumi-qa-senior-specialist-wroclaw-testing
QA Automation Engineer,https://justjoin.it/job-offer/altimetrik-poland-qa-automation-engineer-warszawa-testing-0719ec02
Java Developer / Test Automation Engineer (Remote),https://justjoin.it/job-offer/upvanta-sp-z-o-o--java-developer-test-automation-engineer-remote--wroclaw-testing
Test Environment Manager (100% remote),https://justjoin.it/job-offer/crestt-test-environment-manager-100-remote--warszawa-testing
QA Consultant,https://justjoin.it/job-offer/qualityminds-qa-consultant-poznan-testing
Lead QA Engineer with German,https://justjoin.it/job-offer/pwrteams-lead-qa-engineer-with-german-krakow-testing
Senior QA Automation Engineer,https://justjoin.it/job-offer/espeo-software-senior-qa-automation-engineer-poznan-testing-6906e2e7
Java Developer / Test Automation Engineer (Remote),https://justjoin.it/job-offer/upvanta-sp-z-o-o--java-developer-test-automation-engineer-remote--warszawa-testing
Software Automation Tester,https://justjoin.it/job-offer/speednet-software-automation-tester-warszawa-testing
QA Engineer (Python and Java),https://justjoin.it/job-offer/h2b-group-qa-engineer-python-and-java--gdansk-testing
QA/Test Engineer,https://justjoin.it/job-offer/link-group-qa-test-engineer-warszawa-testing
Staff Software Developer in Test (SDET),https://justjoin.it/job-offer/pandadoc-staff-software-developer-in-test-sdet--krakow-testing
Test Engineer,https://justjoin.it/job-offer/emagine-polska-test-engineer-lodz-testing
Test Engineer,https://justjoin.it/job-offer/happy-team-test-engineer-lodz-testing
QA Senior Specialist,https://justjoin.it/job-offer/apzumi-qa-senior-specialist-krakow-testing
QA/Test Engineer,https://justjoin.it/job-offer/link-group-qa-test-engineer-wroclaw-testing
Senior QA Engineer,https://justjoin.it/job-offer/harvey-nash-technology-senior-qa-engineer-lodz-testing
Test Engineer,https://justjoin.it/job-offer/emagine-polska-test-engineer-gdansk-testing
QA Manager,https://justjoin.it/job-offer/appfire-qa-manager-warszawa-testing-b275e865
Senior QA Engineer,https://justjoin.it/job-offer/xtm-international-senior-qa-engineer-wroclaw-testing
"QA Team Lead, Web Marketing",https://justjoin.it/job-offer/pandadoc-qa-team-lead-web-marketing-warszawa-testing
Senior AQA Engineer,https://justjoin.it/job-offer/n-ix-senior-aqa-engineer-krakow-testing-080cfae8
SAP Test Manager,https://justjoin.it/job-offer/7n-sap-test-manager-wroclaw-testing
"QA Team Lead, Web Marketing",https://justjoin.it/job-offer/pandadoc-qa-team-lead-web-marketing-wroclaw-testing
ðŸ’Ž Senior ETL Tester ðŸ’Ž,https://justjoin.it/job-offer/team-up--senior-etl-tester--poznan-testing
Staff Software Developer in Test (SDET),https://justjoin.it/job-offer/pandadoc-staff-software-developer-in-test-sdet--poznan-testing
Senior QA Engineer â€“ ReadyAPI,https://justjoin.it/job-offer/smartbear-senior-qa-engineer---readyapi-wroclaw-testing
QA Team Lead for Brand Launch Team,https://justjoin.it/job-offer/gr8-tech-senior-qa-engineer-for-brand-launch-team-gdansk-testing
Quality Engineer,https://justjoin.it/job-offer/acaisoft-quality-engineer-gdynia-testing
"QA Automation Engineer (JavaScript, Cypress)",https://justjoin.it/job-offer/iteamly-qa-automation-engineer-javascript-cypress--krakow-testing
Automation QA engineer,https://justjoin.it/job-offer/nord-security-automation-qa-engineer-wroclaw-testing
Senior QA Engineer,https://justjoin.it/job-offer/harvey-nash-technology-senior-qa-engineer-krakow-testing
SAP Test Manager,https://justjoin.it/job-offer/7n-sap-test-manager-krakow-testing
Senior iOS QA Automation Engineer,https://justjoin.it/job-offer/integral-services-senior-ios-qa-automation-engineer-warszawa-testing
QA Automation Engineer,https://justjoin.it/job-offer/altimetrik-poland-qa-automation-engineer-krakow-testing-fb914a57
Test Engineer,https://justjoin.it/job-offer/emagine-polska-test-engineer-krakow-testing
Automation QA engineer,https://justjoin.it/job-offer/nord-security-automation-qa-engineer-poznan-testing
Test Automation Engineer (Finanse),https://justjoin.it/job-offer/billennium-test-automation-engineer-finanse--lodz-testing
Staff Software Developer in Test (SDET),https://justjoin.it/job-offer/pandadoc-staff-software-developer-in-test-sdet--wroclaw-testing
Software QA Engineer,https://justjoin.it/job-offer/the-codest-software-qa-engineer-bydgoszcz-testing
Senior Automation Tester,https://justjoin.it/job-offer/britenet-senior-automation-tester-warszawa-testing
Software QA Engineer,https://justjoin.it/job-offer/the-codest-software-qa-engineer-poznan-testing
Automation QA engineer,https://justjoin.it/job-offer/nord-security-automation-qa-engineer-warszawa-testing
"QA Automation Engineer (JavaScript, Cypress)",https://justjoin.it/job-offer/iteamly-qa-automation-engineer-javascript-cypress--wroclaw-testing
QA Automation Engineer,https://justjoin.it/job-offer/altimetrik-poland-qa-automation-engineer-wroclaw-testing-ae0dbe51
Senior QA Engineer â€“ ReadyAPI,https://justjoin.it/job-offer/smartbear-senior-qa-engineer---readyapi-katowice-testing
ðŸ’Ž Senior ETL Tester ðŸ’Ž,https://justjoin.it/job-offer/team-up--senior-etl-tester--warszawa-testing
QA Engineer,https://justjoin.it/job-offer/ikonik-media-inc--qa-engineer-poznan-testing
Starszy Tester,https://justjoin.it/job-offer/billennium-starszy-tester-warszawa-testing
QA Team Lead for Brand Launch Team,https://justjoin.it/job-offer/gr8-tech-senior-qa-engineer-for-brand-launch-team-warszawa-testing
InÅ¼ynier ds. testÃ³w niezawodnoÅ›ciowych,https://justjoin.it/job-offer/rits-professional-services-inzynier-ds-testow-niezawodnosciowych-warszawa-testing
Software Tester / SDET (Software Developer Engineer in Test),https://justjoin.it/job-offer/humanit-group-software-tester-sdet-software-developer-engineer-in-test--warszawa-testing
Tester AutomatyzujÄ…cy,https://justjoin.it/job-offer/experis-manpower-group-tester-automatyzujacy-warszawa-testing
UiPath Test Developer,https://justjoin.it/job-offer/soflab-technology-uipath-test-developer-warszawa-testing
Quality Assurance Engineer (QA),https://justjoin.it/job-offer/closer-music-sp-z-o-o--quality-assurance-engineer-qa--warszawa-testing
Tester SQL,https://justjoin.it/job-offer/polska-grupa-lotnicza-tester-sql-warszawa-testing
Automation Tester (Python+Robot Framework),https://justjoin.it/job-offer/emagine-polska-automation-tester-python-robot-framework--warszawa-testing
QA Senior Specialist,https://justjoin.it/job-offer/apzumi-qa-senior-specialist-warszawa-testing
Java Developer / Test Automation Engineer (Remote),https://justjoin.it/job-offer/upvanta-sp-z-o-o--java-developer-test-automation-engineer-remote--katowice-testing
QA Engineer,https://justjoin.it/job-offer/ikonik-media-inc--qa-engineer-wroclaw-testing
QA Team Lead for Brand Launch Team,https://justjoin.it/job-offer/gr8-tech-senior-qa-engineer-for-brand-launch-team-rzeszow-testing
QA Engineer,https://justjoin.it/job-offer/billennium-qa-engineer-warszawa-testing
QA Senior Specialist,https://justjoin.it/job-offer/apzumi-qa-senior-specialist-poznan-testing
Senior QA Engineer,https://justjoin.it/job-offer/xtm-international-senior-qa-engineer-gdansk-testing
Starszy Tester,https://justjoin.it/job-offer/billennium-starszy-tester-krakow-testing
QA Team Lead for Brand Launch Team,https://justjoin.it/job-offer/gr8-tech-senior-qa-engineer-for-brand-launch-team-poland-remote--testing
QA Senior Specialist,https://justjoin.it/job-offer/apzumi-qa-senior-specialist-gdansk-testing
Senior QA Engineer,https://justjoin.it/job-offer/xtm-international-senior-qa-engineer-warszawa-testing
QA Engineer â€“ ReadyAPI,https://justjoin.it/job-offer/smartbear-qa-engineer---readyapi-warszawa-testing
QA Automation Engineer,https://justjoin.it/job-offer/amsterdam-standard-qa-automation-engineer-warszawa-testing
Quality Assurance Engineer (QA),https://justjoin.it/job-offer/closer-music-sp-z-o-o--quality-assurance-engineer-qa--wroclaw-testing
QA Engineer with SQL,https://justjoin.it/job-offer/dataedo-qa-engineer-with-sql-poznan-testing-fa9d3888
Automation QA Specialist,https://justjoin.it/job-offer/monogo-sp-z-o-o--automation-quality-assurance-specialist-warszawa-testing-68f0f192
